Group ID,Logo Filenames
-1,"axa.dz.png, ymcatriangle.org.png, kiaofverobeach.com.png, starbucks.com.sg.png, risogallo.it.png, ibc-solar.jp.png, ibc-solar.cz.png, sunnybrookprintshop.ca.png, mazdaofcolumbia.com.png, carlsjr.com.my.png, lidl-immobilien.de.png, toyotakar.com.tr.png, subway-franchise.fr.png, allianzlifechanger.com.png, sprachschule-aktiv-passau.de.png, manpowergroup.dk.png, ymcasf.org.png, rubiomonocoat.com.au.png, cvjm-pfalz.de.png, decathlon.com.tr.png, bakertilly.uy.png, astrazeneca.hu.png, nerdsonsite.co.za.png, greatplacetowork.gr.png, sonepar.com.sg.png, processcommunicationmodel.sk.png, cargoriga.ee.png, affresco-decor.com.png, advantisengineering.com.png, h2oinnovation.mx.png, starbucks.in.png, amway.ca.png, mitsubishi-motors.com.ar.png, ptsv-hof-minigolf.de.png, desjoyaux.co.uk.png, hyrox.es.png, greatplacetowork.pt.png, newson-gale.co.uk.png, mazda.ru.png, caspak.co.nz.png, enefitvolt.com.png, nikonimgsupport.com.png, elderhouseadc.com.png, budget-ireland.co.uk.png, cazenovecapital.com.png, cinnabon.co.za.png, adecco.de.png, sto.fi.png, ccusa.hu.png, mateco.nl.png, wwf.org.nz.png, savethechildren.mx.png, savethechildren.es.png, desjoyaux.com.cn.png, furuno.gr.png, algeco.pt.png, mazdaofescondido.com.png, boschautoparts.com.png, sompo-intl.com.png, webster.nl.png, sanlorenzo.com.pe.png, wuerth.com.kh.png, krautzberger.pl.png, pepsico.ru.png, avispl.de.png, macma.pl.png, crif.hk.png, pefc.dk.png, premiumproperties.com.png, fosterfarmsfoodservice.com.png, rutscherlebnis.at.png, rubiomonocoat.com.pl.png, promat.ch.png, altenusa.com.png, intersport.be.png, nissantireadvantage.com.png, papajohns.com.pk.png, mazda.com.kh.png, crocs.pl.png, whirlpoolservice.co.uk.png, pefc.cl.png, eca-serel.de.png, gulf-japan.com.png, decathlonkz.com.png, svndesertcommercial.com.png, gs1al.org.png, foxinaboxzutphen.com.png, ajas.cz.png, isover.bg.png, habitatstl.org.png, wurth.nl.png, avonworldwide.com.png, avisng.com.png, overheaddooraz.com.png, cvjm-nuembrecht.de.png, subaru.jp.png, ford.cl.png, davesmithfordonline.net.png, accelltherapy.com.au.png, acuraofwestchester.com.png, isover.ie.png, zkteco.vn.png, acuraofwappingersfalls.com.png, pkf.com.tr.png, nissanofgardencity.com.png, spitex-buchs.ch.png, toyotaalbania.al.png, flesan.com.pe.png, krofian.de.png, isover.sk.png, renault-guilers.fr.png, demeterschmid.de.png, anderson-negele-gmbh.ru.png, starkey.com.co.png, sto.com.tr.png, mazdaofwestridge.com.png, aontravpro.com.png, grantthornton.com.sv.png, techtel.com.sg.png, sitech.ch.png, chip.pl.png, komoder.com.png, ymcatoledo.org.png, subwaypacific.com.png, komoder.md.png, cdlniteroi.com.br.png, toyotaalbay.com.ph.png, sonepar.co.png, aonsolutions.com.cy.png, luxaflexproject-scandinavia.com.png, kiamotors.com.kh.png, starkeypro.de.png, mazda-warszawa-nivette.pl.png, honda-montpellier.com.png, pearsonclinical.es.png, linde-gas.es.png, nissanattheavenues.com.png, santillana.com.ar.png, drekopf-kanalservice.de.png, fft-ps.pl.png, neposystem.me.png, eresrelocation.es.png, dilmahtea.co.uk.png, uxbistart.com.png, applebees.com.gt.png, pkfcabrera.com.png, ebay.it.png, freseniusmedicalcare.ca.png, desjoyaux.de.png, nidek.com.png, subwayfrance.fr.png, regalsprings.com.mx.png, wwf.es.png, servier.co.za.png, seitenbachershop.com.png, apexdynamicsgermany.de.png, mitsubishi-motors.com.kw.png, seats2meetstationdenbosch.nl.png, toyotaquezonavenue.com.ph.png, mazda.si.png, dahmira.kz.png, petercem-sensors.com.png, deheus.pl.png, ecochillers.net.png, captrain.pl.png, carlsjr.com.tr.png, berlitz.com.py.png, araihelmet.com.png, bcurelaser.co.il.png, nordicpharma.pt.png, xella-colloquium.berlin.png, aamcovinelandnj.com.png, whirlpool-bangladesh.com.png, cvjm-gomaringen.de.png, schaumann.cz.png, besins-healthcare.com.mx.png, fainvestors.com.png, metlife.com.cy.png, schaumann.fr.png, tanameracoffee.com.png, isuzuhanoi.com.png, starbucks.com.gr.png, cdljovem.org.br.png, cvjm-muenchberg.de.png, ardex-france.fr.png, kia.am.png, kia.com.ni.png, bestdrive.pl.png, linak-latinamerica.com.png, pkfcr.co.nz.png, mazda-angola-autozuid.com.png, mediqdirekt.hu.png, mercyships.org.au.png, mazda.com.tr.png, savethechildren.mn.png, spitexzug.ch.png, invisalign.co.il.png, starkey.co.uk.png, modshair-stuttgart.de.png, renault.no.png, tenneco.co.jp.png, sprachschule-aktiv-basel.ch.png, tbwa.co.za.png, kewpie.com.sg.png, mazda.co.za.png, aamcocollegestationtx.com.png, landermitsubishi.com.au.png, nobleprog.es.png, cdvi.ch.png, fimacf.africa.png, bakertilly.com.ve.png, exertisztorm.com.png, hollandandbarrett.com.mt.png, miniso.nc.png, travelocarbooking.com.png, skodanews.de.png, aamcogolflinks.com.png, aliaxis.cz.png, dfsk.tn.png, skodalondon.com.png, path-solutions.com.png, wuerthmarket.ru.png, amnesty.org.ph.png, culliganofmerrillville.com.png, secureparking.com.kh.png, decathlon-karriere.de.png, bestwesternbraddock.com.png, freeportwestselfstorage.com.png, cinnabon-ksa.com.png, rocatiles.com.png, atalian.nl.png, subaru.com.np.png, avia-ramonville.fr.png, johnsmedley.jp.png, steelhousegroup.ee.png, engie.pt.png, snapologyfranchising.com.png, intertongn.es.png, toyotaaydogan.com.tr.png, aiesec.org.rs.png, orange.com.lr.png, bioderma.com.png, rheine.schule.png, nutriciavoorjou.nl.png, cdlvideira.com.br.png, eis.com.tr.png, algordanza.com.au.png, nutriciababy.be.png, adecco.com.vn.png, toysrus.pt.png, boxful.com.tw.png, matutis.de.png, maxus-norddeutschland.de.png, linexps.com.png, landish.ca.png, lindt.co.za.png, fleishmanhillard.com.br.png, nordicpharma.de.png, menschenfuermenschen.at.png, martinavenueshops.com.png, vbh.hr.png, ambiderm.com.gt.png, designmehair.cz.png, esseskincare.fi.png, deheus.id.png, carter-benson.com.png, thebodyshop.com.tr.png, tescomobile.sk.png, future-x.at.png, modshair.co.nz.png, glamsmile.be.png, avon.co.mu.png, dhirajsonsonline.com.png, astrazeneca.com.tr.png, shimadzu-la.com.png, myron.ca.png, mazdaoflodi.com.png, venturelightingme.com.png, grantthornton.az.png, amnesty.ie.png, thegoodlobby.fr.png, wurth.co.uk.png, starkey.com.br.png, softland.com.mx.png, bbraun.pe.png, ymcaup.org.png, ymca-cnw.org.png, synlab.si.png, ford.te.ua.png, ymcaokc.org.png, jdm.com.pe.png, edenredrewards.co.in.png, subarusouthblvd.com.png, synlab.by.png, weidner.ca.png, vamdodoma.ru.png, zkteco.me.png, specialolympics.com.au.png, gulf.lu.png, mycabin.ie.png, crif.sk.png, unitecnica-us.com.png, cvjm-augsburg.de.png, svnprovidence.com.png, greatplacetowork.com.ve.png, piccinifuels.it.png, equans.hu.png, ohb-system.de.png, giacomini.cz.png, bauder.be.png, enterpriserentacar.bg.png, chicco.com.tr.png, stanbicbank.co.bw.png, kentmaster.nz.png, cbrain.com.png, buffalotours.es.png, renaultmerida.com.mx.png, subaruvilnius.lt.png, invisalign.it.png, gs1hr.org.png, mazda-press.com.png, takedaoncology.com.png, carlsjr.es.png, renaultselection.co.za.png, mazdanorkar.com.png, katyawilliamsbridal.com.png, sonepar.hu.png, trakm8.cz.png, rotaryclubdelima.org.png, deprag.cz.png, compo.es.png, secureparking.co.id.png, plameco-baer.de.png, pepsico.co.it.png, spitex-waedenswil.ch.png, astreitalia.it.png, santander.de.png, decathlon.ch.png, ebayglobalshipping.com.png, carglass.ma.png, ikea.pr.png, infiniti-jordan.com.png, pkf-fwa.com.png, menicon.co.uk.png, poliform-spb.ru.png, intersport-rent.fr.png, adra.sk.png, mcvitiesindia.com.png, vitalsauna.eu.png, experianidworks.com.png, intersport.sk.png, veolia.am.png, julis-mfr.de.png, unglobalcompactghana.com.png, nepaltrust.gov.np.png, pkffinconta.ro.png, manpowergroup.com.sg.png, plameco-rheinsieg.de.png, insize.com.br.png, sonepar.pe.png, carlsjr.co.nz.png, cimbbank.com.vn.png, ekartlogistics.in.png, lww.co.uk.png, lidl.lu.png, culligansouthwest.com.png, actemium.ch.png, solatube.co.uk.png, veka.bg.png, kiavacaville.com.png, kia-bandung.com.png, nobleprog.co.th.png, toyota.bo.png, lghealthjobs.org.png, nutricia.be.png, gs1lt.org.png, papasaveriospizzeria.com.png, spie-wirliebenkabel.de.png, logicvapes.co.uk.png, duracleancarpet.com.png, affidea.es.png, overheaddoorofterrehaute.com.png, implantcenter-dentistry.co.uk.png, grupointexa.co.png, hsusports.com.png, cinnabon.ca.png, pingusenglish.co.id.png, despec.eu.png, axabreakdown.co.uk.png, aiesecargentina.org.png, hometowninsurance.us.png, linexaus.com.au.png, julis-rhein-berg.de.png, benlomondinc.com.png, abc-autoglas.de.png, worldvision.cl.png, mitsubishi-motors.fi.png, actemium.nl.png, enterpriserentacar.pl.png, zhcpa.cn.png, subaru.com.gt.png, pkfgf.co.nz.png, cfmotoindia.com.png, venaenergy.co.jp.png, stoag.ch.png, nikonclub.fr.png, daikin-manufacturing.de.png, kia.co.sz.png, starkeyjp.com.png, techmatrix-asia.com.png, pingusenglish.ac.th.png, iba-protontherapy.com.png, mazda.fi.png, engieindia.com.png, demetercs.eu.png, subaru-bd.com.png, pkf.pt.png, bees-sport.nl.png, mapfre.com.ni.png, shelterstation.com.au.png, bosch-homecomfortgroup.com.png, crif.com.tr.png, jungheinrich.co.za.png, subaru.com.tr.png, honda-melun.com.png, kia-kroppen-herten.de.png, kiaofduluth.com.png, renault.pe.png, ford.dn.ua.png, aamconorwalk.com.png, chicco.co.nz.png, ardex.eu.png, algeco.si.png, budgetglacier.com.png, soventix.cl.png, rockvalleyculligan.com.png, budgetqatar.com.png, tracybookshop.com.png, pkfthailand.asia.png, johcm-ukconference.com.png, engie-africa.com.png, wwf.no.png, bauder.lt.png, wwf.or.th.png, toyotadolak.cz.png, enterprise.com.ar.png, acurasouthpoint.com.png, srpb2b.com.png, cdvi.ca.png, aireserv.ca.png, cyrillus.com.png, hertz.yt.png, renaultzaragoza.com.png, kiaofwestburlington.com.png, budatec.de.png, savethechildren.nl.png, customneon.com.au.png, linde.co.th.png, wurth.es.png, job-impulse.co.jp.png, solutions30.nl.png, thisissowgood.com.png, islprgac.org.png, benu.lt.png, skybusiness.co.nz.png, sprachcaffe-muenchen.com.png, salvationarmy.org.my.png, portadoors.com.png, urmet.com.br.png, mazda.ph.png, ajaxtocco.de.png, synlab.ec.png, reedglobal.sg.png, renaultamericas.com.mx.png, ikea.co.id.png, nissanoflebanonnh.com.png, veka.pt.png, medef-ardennes.com.png, salvationarmy.org.uk.png, seqens.fi.png, alosindustrials.com.png, pacificinfotech.co.uk.png, bauder.at.png, salvationarmyflorida.org.png, wurth.co.png, nestle.com.bo.png, vkf-renzel.bg.png, nikonlenswear.cn.png, toyotahonduras.com.png, acetoolonline.com.png, designpluz.com.png, bcurelaser.com.png, daikindevice.cz.png, greatplacetowork.co.ke.png, cfmotobenelux.eu.png, wurth.ae.png, carlsjr-russia.ru.png, elizabetharden.tw.png, tupperware.es.png, sackit.no.png, miniso.com.ec.png, synergie.pt.png, cpi-print.com.png, gulf.no.png, nextbikeczech.com.png, kesz.rs.png, tridentseafoods.jp.png, crocs.ch.png, fluidmasteruk.com.png, actemium.id.png, komoder.co.uk.png, overheaddoormankato.com.png, intersport.dk.png, adfc-radtourismus.de.png, cinnabon-egypt.com.png, tapflo.se.png, spg-motoren.de.png, sofrecogroup.com.png, statkraft.nl.png, shimadzumea.com.png, allianz.nl.png, manpower.co.za.png, pearsonactivelearn.com.png, subway.ru.png, williamblairfunds.com.png, europa-union-sachsen.de.png, mapfre.com.sv.png, mcdonalds.md.png, naturesrewardcoloredcauliflower.com.png, saint-gobain.bg.png, fordmediacenter.nl.png, toyota-buchreiter-eisenstadt.at.png, yves-rocher.at.png, bestdrive.se.png, intersport.com.tr.png, top-system.com.mk.png, mazda-bielskobiala-autogazda.pl.png, julis-bremen.de.png, amtrakvacations.com.au.png, julis-bayern.de.png, greatplacetowork.at.png, spp.cz.png, linde-gas.lt.png, hamburg.com.png, siiora.org.png, ercagroup.com.tr.png, veolia.fr.png, keika-c.ed.jp.png, daikineastafrica.com.png, idealindustries.cn.png, julis-muenchen.de.png, axa.ad.png, monster.co.uk.png, mazda-lodz-matsuoka.pl.png, habitatindiana.org.png, orient-food.sk.png, hertz-autopujcovna.cz.png, dennert.pl.png, gs1mt.org.png, aviabienert.de.png, duracleanrestoration.com.png, innolytics.net.png, lamborghini-cannes.com.png, avis.cr.png, teknoware.ae.png, hps-guns.de.png, nestle.com.ve.png, catsprotectionshop.co.uk.png, remax-go.com.ar.png, polarysgroup.eu.png, blackroll.com.pl.png, planncosteels.com.png, tbwazim.co.zw.png, hondasemarangcenter.com.png, deheus.co.in.png, subarusouthpoint.com.png, mercyships.be.png, culliganslc.com.png, aon.lv.png, flashmed-lb.com.png, mazdaofbedford.com.png, despat.com.png, toyota-bornholm.dk.png, ymcalouisville.org.png, hawaiifamilydentalcareers.com.png, mazda-uae.com.png, mazdaofamarillo.com.png, ibc-solar.nl.png, genan.com.png, meggle.de.png, rexel.it.png, wwf.ro.png, amnesty.eu.png, sourceadvisors.co.uk.png, lamborghini-frankfurt.com.png, cardif.pl.png, howdengroupholdings.com.png, toolstationjobs.be.png, kia-mouscron.be.png, glintinc.com.png, mtn.cg.png, ecaas.com.png, santillana.com.pr.png, benefitsystems.hr.png, cafelasmargaritas.es.png, servier.ge.png, crocs.com.ec.png, avia-belgomine.be.png, wwfchina.org.png, stadtwerke-heidenheim-regio.de.png, mooresingapore.com.png, hansa-flex.com.pl.png, kiacoldlake.com.png, crocs.com.uy.png, trinkgutlippstadt.de.png, aon.lt.png, wurth.com.uy.png, medef31.fr.png, fronticsamerica.com.png, mtn.com.gh.png, aamcoredlandsca.com.png, bbraun.co.uk.png, tupperware.at.png, novonordisk.my.png, roca.com.ar.png, daikincareers.com.png, starkeypro.com.au.png, toyota.ae.png, kumon.com.ar.png, pixibeauty.co.uk.png, isuzu-vietnam.com.png, daikin-korea.co.kr.png, wurth.fi.png, sealy.co.kr.png, gs1.dk.png, peugeot.sk.png, bmw-motorrad-euromotos-lyon.fr.png, crif.cz.png, pingusenglishbd.com.png, infiniti.com.tw.png, actemium.com.br.png, isuzu.co.mz.png, dolcevita.ca.png, bonprix.co.uk.png, jungheinrich.co.nz.png, diamond.co.id.png, reedglobal.ch.png, rotary5960.org.png, promstahl.de.png, forpsi.pl.png, crocs.co.id.png, bakertilly.sl.png, mercyships.nl.png, santander.com.mx.png, filatime.com.png, top1toysbleijenberg.nl.png, hyundaitgv.ro.png, einhell.bg.png, albatroslogistic.ma.png, toyota.com.mk.png, lunarclient.com.png, husse.hu.png, salvationarmy.org.sg.png, subarumidlandodessa.com.png, shimadzu.com.ph.png, crocs.cl.png, sonepar.cz.png, aspenpharma.es.png, vantagepoint.co.id.png, tbwa.com.hk.png, tupperware.gr.png, budget.bg.png, yves-rocher.pt.png, hannainst.hr.png, subwayburbank.com.png, mazda-wroclaw-wrobel.pl.png, toyotasanpablo.com.ph.png, lcvesta.nl.png, nikon.com.sg.png, toofacedcosmetics.jp.png, vetpartners.fr.png, microbit.nl.png, nelsonlabsbozeman.com.png, servier.com.br.png, renaultcoatzacoalcos.com.mx.png, athora.nl.png, lindt.jp.png, papajohns.co.nl.png, faesfarma.com.co.png, ecotec-usa.com.png, renault-materom.ro.png, noiseassessments.org.png, wwfcz.org.png, lindegas.hu.png, monitus.com.png, julis-stuttgart.de.png, kokuyo-furniture.com.my.png, renaultchiva.com.png, honda.com.ng.png, worldoptionsgh.com.au.png, adecco.rs.png, aeccglobal.ng.png, mazdabali.co.id.png, avis.com.do.png, modshair-mannheim.de.png, repsolsolgas.com.png, benu.ch.png, jetfriorefrigeracao.com.br.png, actemium.ca.png, soneparusa.com.png, pilotpen.it.png, intersport.nl.png, subaru.com.pa.png, linde-gas.sk.png, toyotaboranlar.com.tr.png, isover.de.png, prioritymanagementscotland.co.uk.png, aon.co.nz.png, niproaustralia.com.au.png, toshiba-water.com.png, shahshalalfood.com.png, berlitz-bahrain.com.png, kiaprimavera.com.png, remax.fi.png, cvjm-hemer.de.png, bbraun.co.th.png, ymcawaycross.com.png, crocs.com.pe.png, kiaofpa.com.png, equans.cz.png, mitsubishielectric.se.png, ardexamericas.com.png, furuno.co.uk.png, esseskincare.no.png, jungheinrich.com.br.png, bestdrive.ie.png, plameco-hannover.de.png, aquatherm-belux.be.png, stampinup.uk.png, msd-animal-health.co.uk.png, mazdademagog.com.png, ecslupsk.pl.png, ccusa.co.nz.png, mondialparebrise.re.png, bimedasuramerica.com.png, kia.com.co.png, crif.ch.png, medef-ain.fr.png, remax-emblema.com.ar.png, coffeesmith.com.sg.png, toyota-chartres.fr.png, trijit.uk.png, ardex.dk.png, mazdaofchicagoland.com.png, pkflesotho.com.png, nikonmetro1stg.wpengine.com.png, mazda-rzeszow-czach.pl.png, mariagefreres.co.jp.png, hyundaicentralsales.com.png, tchibo.cz.png, mazda-sosnowiec-mirai.pl.png, gs1.org.bo.png, terradat.co.uk.png, toyotaaktoy.com.tr.png, wurth.cl.png, mitsubishi-motors.qa.png, stocanada.com.png, autosecuritas-ct-seysses.fr.png, pirtek.eu.png, hondabintang.com.png, takab.nu.png, kiatorun.pl.png, rotarypublicschool.org.png, dicetek.us.png, hansa-flex.co.uk.png, toyotabatangas.com.ph.png, saint-gobain.ar.png, vedanta-zincinternational.com.png, africell.ao.png, paybase.netlify.app.png, immunospot.eu.png, takeda.com.ru.png, engenmauritius.com.png, mitsubishi-motors.com.om.png, rotary.hr.png, foxinaboxmiami.com.png, cdljatai.com.br.png, veoliawatertechnologies.fi.png, mitsubishielectric.cz.png, amnestyghana.org.png, julis-sachsenanhalt.de.png, roca.com.tr.png, actemium.se.png, santillana.com.bo.png, worldvision.al.png, rexel.ca.png, cdvi.com.png, isover.com.ar.png, honda.cl.png, aonassurances.com.png, mcdonalds.co.za.png, melgarcases.com.png, pefc.se.png, zkteco.com.bd.png, culliganbetterwater.com.png, renaultcancun.com.mx.png, rotary-bulgaria.org.png, toysrus.com.bn.png, ymcatrivalley.org.png, compo.de.png, nutricia.nl.png, secureparking.com.lb.png, bakertilly.sg.png, cinnabonrussia.com.png, berlitzph.com.png, freseniuskidneycare.com.png, svnnc.com.png, overheaddoorriverton.com.png, affinitynonprofits.com.png, jungheinrich.co.png, batistareisfloresonline.com.br.png, wuerth.co.jp.png, keytitlegroupsa.com.png, mcdonalds.com.jo.png, pearson.com.hk.png, msig-asia.com.png, etxt.biz.png, spitexaadorf.ch.png, 263.net.cn.png, wurth.hu.png, pkf.ch.png, ebay.co.kr.png, allianz-assistance.ie.png, rotarygranada.es.png, isuzu.com.png, chicco.ch.png, compassion.es.png, eurochem-na.com.png, cleansui-usa.com.png, middletemplevenue.org.uk.png, subaru.lu.png, overheaddoorbrookfield.com.png, julis-nuernberg.de.png, le-tech.co.uk.png, manpowergroup.gr.png, garminstore.com.br.png, kiwiqa.com.au.png, specialistnutrition.us.png, moore.swiss.png, enterprise.ae.png, gulfoilltd.com.png, culliganreno.com.png, ibc-solar.es.png, euromaster.cz.png, medef-bearnetsoule.com.png, pkfuae.com.png, renaultecatepec.com.mx.png, kiaoflumberton.com.png, engie.co.uk.png, tevamexico.com.mx.png, lamborghini-berlin.com.png, hondasevilla.net.png, gs1hu.org.png, secureparkinghi.com.png, kalorimeta-singen.de.png, gracehomes.us.png, mercyships.de.png, bestrucksofmn.net.png, hsbcsaudi.com.png, spitextg.ch.png, shimadzu.com.br.png, daikin.com.vn.png, hertzhn.com.png, kumon.com.hk.png, toyota-corbeil.fr.png, secom.vn.png, avia.ch.png, veka.fr.png, kilewswest.com.png, howdenoze.pl.png, storisell.com.png, renault.dk.png, orange-bissau.com.png, whirlpool.com.hk.png, ardex.de.png, duracleanservices.net.png, filterteknik.dk.png, toyotatokullar.com.tr.png, sprachschule-aktiv-kaiserslautern.de.png, foxinaboxlondon.uk.png, kamic.fi.png, salvationarmyeet.org.png, linexofmacon.com.png, anotherbrokeneggfranchise.com.png, kind-der-stadt.at.png, papajohns.com.tr.png, renaultsprings.co.za.png, wurth.co.ke.png, avis.com.ph.png, scte-prod.herokuapp.com.png, cedstone.ca.png, toyotasouthern.com.png, acuraofgainesville.com.png, msdinsight.no.png, zkteco.in.png, hertz-autopozicovna.sk.png, pepsico.ua.png, svnvanguardla.com.png, wuerth.dk.png, experian.com.my.png, ymcachicago.org.png, isuzuniaga.com.png, chicco.com.tw.png, ardex.at.png, tts-group.at.png, cubcadet.fr.png, stampinup.ca.png, kiacadca.sk.png, adlatus-nordwestschweiz.ch.png, actemium.us.png, benu.lv.png, aamcooflascruces.com.png, mazda-bcrmotors.ru.png, intersport.it.png, getscsadmin.com.png, jdimmigration.es.png, renaultsanzhispano.es.png, honda-meaux.com.png, teztour.lt.png, cdvibenelux.com.png, affidea.ch.png, pussyspace.net.png, wwf.org.png, remaxcrystal.com.png, pkf.com.cy.png, toolstationjobs.nl.png, mazdaofsouthcharlotte.com.png, chicco.com.ph.png, jollibee.com.bn.png, bakertilly.ba.png, renaultchiapas.com.mx.png, stanleyelectricus.com.png, panpuri.fr.png, bakertillysek.se.png, bakertilly.dk.png, bonprix.jobs.png, repsol.in.ua.png, enterprise.si.png, mazdadesherbrooke.com.png, mffshopen.se.png, inductothermgroup.jp.png, takeda.nl.png, altengt.com.png, mazda.com.tw.png, subaru.nc.png, pcllawyersfrankston.com.au.png, wuerth-ag.ch.png, svntrinity.com.png, tupperwarefiesta.com.png, protectourwinters.de.png, lamborghini-rotterdam.nl.png, yves-rocher.nl.png, suttontools.co.nz.png, dulux.co.zw.png, stockco.co.nz.png, pilotpen.com.au.png, allianzlifebali.com.png, hydroscand.co.ua.png, bowlero.mx.png, gulfsverige.com.png, mitsubishi-motors.at.png, internationalsos.no.png, mazdalanka.lk.png, tupperware.fr.png, extremeadventureraces.com.png, edf-re.com.au.png, thebodyshop.si.png, yord.pl.png, kumonshuppan.com.png, grantthornton.co.im.png, muvpropiedades.com.ar.png, gallant-ocean.com.tw.png, rexel.se.png, canon-its.co.jp.png, avis.co.mw.png, carlsjr.fr.png, billygraham.ca.png, hansa-flex.com.cn.png, roca.co.id.png, reedglobal.com.mt.png, mitsubishielectric.com.sg.png, tbwa.co.nz.png, pkfea.com.png, renaultbank.es.png, pkf-dominicana.com.png, yves-rocher.ch.png, eccreditcontrol.com.au.png, smittysmb.ca.png, renault-argenteuil.fr.png, jungheinrich.cn.png, shimadzu-rika.co.jp.png, kia.com.cy.png, rotary.no.png, lindt.es.png, isover.cz.png, airbnb.co.in.png, pepsico.rs.png, mazdaoforange.com.png, renault.com.my.png, telehouse.co.th.png, atalian.com.tr.png, grantthornton.do.png, thebodyshop.bg.png, clarksonhyde.it.png, subaru.mt.png, mtn.com.af.png, tbwa.it.png, gs1ec.org.png, solidea.co.za.png, engie.nl.png, alten-consulting.de.png, mercyships.dk.png, veka.hu.png, toyota-indus.com.png, canonburgos.com.png, wurth.com.mk.png, plastoplan.si.png, benu.nl.png, besins-healthcare.se.png, workcircle.com.png, habitatcoosavalley.org.png, vkf-renzel.hu.png, thelab.id.png, pmcorp.mx.png, hendersonkyedc.com.png, spiegse.com.png, daikin.com.sg.png, dulux.ie.png, budget.rs.png, eurofins.at.png, honda-nig.com.png, altenromania.ro.png, rotary7610.org.png, howden.co.il.png, warmupdeutschland.de.png, starkeypro.com.png, mazdacorpuschristi.com.png, renaultrycauto.es.png, digilite.com.au.png, sto-ukraine.com.png, engiemiddleeast.com.png, santillana.com.ec.png, pragroup.com.au.png, ibc-solar.it.png, msd.es.png, renaulttepic.mx.png, cdlbarreiras.com.br.png, isuzu.net.my.png, toyotaaykon.com.tr.png, adeccogroupfoundationus.org.png, minisocr.com.png, sto.es.png, domcortraffic.ca.png, bauer-egypt.com.png, crocs.co.nz.png, pkfve.com.png, hahn-kolb.mx.png, actemium.it.png, duracleanmaine.com.png, ibc-solar.pl.png, mitsubishielectricmalaysia.com.png, aamcoglendalearrowhead.com.png, lamborghinisarasota.com.png, compo.pl.png, experian.in.png, hofmann-personal.cz.png, abilways.be.png, dertour.sk.png, toyotayatumugla.com.tr.png, tectake.it.png, linak.cz.png, alten.ca.png, victorsport.com.tw.png, aeccglobal.lk.png, intersport.hr.png, yonyou.com.hk.png, immanuelalbertinen.de.png, aamcokansascitysouth.com.png, toyota.com.co.png, bestdrive.fi.png, dopplerumbrellas.com.au.png, icafalinmobiliaria.cl.png, demeter.it.png, savethechildren.org.uk.png, subway.com.tw.png, allianz.lu.png, bimeda.ie.png, truemoney.com.vn.png, strabag-pfs.com.png, taylorfarmsdeli.com.png, kumonla.com.png, cdlvitoria.com.br.png, eftech-international.com.png, crocssa.co.za.png, synlab-notes.com.png, intersport.si.png, cfmotoqueretaro.com.png, mazdalakeland.com.png, hertz-tilburg.nl.png, santanderconsumer.fi.png, spitex-hoefe.ch.png, oil-testing.de.png, mazda-poznan-voyager.pl.png, bnpparibasdeveloppement.com.png, engie.sk.png, acurahonolulu.com.png, metagenics.co.jp.png, kiaofwestchester.com.png, dulux.co.za.png, vbh.hu.png, amnesty.id.png, linde-medica.es.png, orange.cd.png, pkf.dk.png, culliganuppercumberland.com.png, pkf.jo.png, mazda.com.sg.png, kiaofbillings.com.png, nissanmanufacturing.com.png, heliosstrategia.pl.png, wheystore.vn.png, electrolux.com.mx.png, ccusa.ca.png, miniso-au.com.png, synergie.com.png, solatube.si.png, foxinaboxgoldcoast.com.png, castsoftware.it.png, seasonsrehab.in.png, tryg.com.png, janegal.sk.png, renault-tortosa.es.png, indiancancersocietybangalore.org.png, ikea.com.tr.png, crif.pl.png, synlab.com.gh.png, daikinmalaysia.com.png, stoitalia.it.png, netterden.com.png, biolchim.com.br.png, kalyanmachines.com.png, pingusenglish.com.tr.png, intersport-gros.de.png, pearson.com.cn.png, selgen.eu.png, cinnabon.pk.png, jysk.mk.png, acuraofpeabody.com.png, nissanmiddletownny.com.png, hollandandbarrett.ae.png, linde-amt.com.png, trikonclinicalwaste.co.uk.png, vendhq.com.png, xtransfer.cn.png, duraclean.net.png, mazda.hu.png, jungheinrich.in.png, shimadzu.in.png, dfcapital-investors.com.png, chicco.com.ua.png, alcirclebiz.com.png, habitatvietnam.org.png, aleris-pp.dk.png, culliganofnashville.com.png, bauermedia.no.png, metlifetakealongdental.com.png, subway.com.my.png, toyotapasongtamo.com.png, mazdaofalexandria.com.png, tributek.com.png, atalian.cz.png, pingusenglish.com.cy.png, vectorinfotech.my.png, scoutaerialafrica.com.png, apolloclinicguwahati.co.in.png, kia.co.mz.png, yves-rocher.se.png, amnesty.lu.png, veka.com.sg.png, mercanta.de.png, toyota.com.mt.png, esseskincare.se.png, grantthornton.com.ve.png, veoliawatertechnologies.fr.png, nissanofopelousas.com.png, equansservices.com.png, nutrienagsolutions.ca.png, kantar.com.tw.png, ymca-ywca.org.png, aeccglobal.sg.png, pauldaviswi.com.png, bluecardagency.ru.png, rotary7620.org.png, attijariwafabank.com.eg.png, europa-union-hessen.de.png, worldvision.org.uk.png, svnefird.com.png, spitex-flawil-degersheim.ch.png, mitsubishielectric-printing.com.png, santander.com.uy.png, meniconamerica.com.png, ringcontainers.co.uk.png, pearsonclinical.ca.png, habitativ.org.png, wurthcanarias.es.png, eurotradus.eu.png, gloriasportsarena.com.tr.png, azetsconsulting.no.png, bakertilly.com.jm.png, internationalsos.co.jp.png, yves-rocher.it.png, platingsystems.info.png, bellaplanta.de.png, pilotpen.hu.png, toyotabeerens.be.png, avis.nc.png, mantruckmerchandise.co.uk.png, mazdaofportcharlotte.com.png, allianz.sg.png, pilotpen.co.uk.png, hertz.com.ge.png, actemium.pt.png, tensar.com.cn.png, bbraun.ru.png, mazda.es.png, kiaofcoatesville.com.png, hondamurcia.com.png, whirlpool.com.sg.png, secureparkingusa.com.png, aamcoutah.com.png, manpowergroup.no.png, cvjm-muensingen.de.png, wurthsaudi.com.png, affidea.ba.png, myplumberca.com.png, avoncameroun.com.png, mitsubishielectric.in.png, mateco-hungary.hu.png, gulfcombustibles.com.png, saint-gobain-glass.es.png, zkteco.com.eg.png, colorflexpackaging.com.png, steinbacher.pl.png, kiaofmurfreesboro.com.png, cdlcampina.org.br.png, stanbicbank.co.zw.png, virtual-reality.school.png, shercomotorcycles.it.png, medefloire.fr.png, pirtek.se.png, intersport.ch.png, manpowergroup.ca.png, wordans.it.png, avia-unimot.com.ua.png, nestle.ro.png, carlsjr.com.sg.png, altriusconsulting.com.png, sothebysrealty.ae.png, harigmfg.com.png, demeter.ch.png, ebay.cn.png, actemium.at.png, rotaryclubofessex.com.png, besins-healthcare.nl.png, decathlon.pl.png, isic.fr.png, decathlon.ro.png, rubiomonocoatusa.com.png, solatubescotland.co.uk.png, mazda-ma.com.png, svnahia.com.png, whisky.de.png, duracleanservicebybob.com.png, bigfootdigital.co.uk.png, mitsubishi-motors.it.png, mazda.de.png, ophitusa.com.png, isover.com.br.png, bioderma.com.hr.png, honda-autoland.com.png, sans-sans.com.my.png, propertyfinder.com.png, sonepar.pt.png, savethechildren.org.ph.png, gulfoil.co.uk.png, santander.pt.png, bonprix.fi.png, solatube.com.cn.png, toyotacomauto.com.png, zkteco.com.pk.png, adra.nl.png, countryroadsford.net.png, msd-animal-health.it.png, century21viaplus.be.png, unglobalcompact.ca.png, cinnabon.mx.png, hertz.am.png, amnesty.org.ng.png, svnchicagopm.com.png, boschtools.com.png, alchemia-nova.net.png, cuponesybeneficios.com.co.png, wedos.com.png, trisa.bg.png, inhuntworld.com.png, indianmotorcycle.com.ar.png, sitechnw.com.png, spitex-rothenburg.ch.png, peach.immo.png, cdu-aldenhoven.de.png, daikin.com.mm.png, shopee.in.png, lidl-voyages.fr.png, allianzpp.com.png, anadolumedicalcenter.al.png, andre-media.it.png, starbucks.co.nz.png, heydudeshoes.es.png, minisouruguay.com.uy.png, mazdavardi.com.co.png, mazdaofwooster.com.png, actemium.de.png, cdlcuritiba.org.br.png, experianacademy.com.png, kiaofoldsaybrook.com.png, salvationarmyconcordca.org.png, laborelec.com.png, toyotacommonwealth.com.png, pkf-hk.com.png, kia-guadeloupe.com.png, topdoctors.cl.png, edenred.pl.png, renault-beaulieu.fr.png, schaumann.it.png, pkfcaribbean.com.png, decathlon.com.kh.png, hyundaiofchatham.ca.png, aamcoreynoldsburgoh.com.png, isover.be.png, santanderuniversidades.com.mx.png, allianz-handwerker.de.png, vispiron.systems.png, ampersand-world.com.png, modern-heads.com.png, educab.com.au.png, k-startupcenter.org.png, savethechildren.org.za.png, decathlon.hu.png, toyotanorthedsa.com.png, sitechnorthwest.com.png, toyota.co.tz.png, berlitznouvelleaquitaine.fr.png, mcdonalds-mcdelivery.es.png, pamarco.co.uk.png, yves-rocher.de.png, meggle.co.jp.png, sherwin-williams.com.ec.png, new-beauty.com.png, whatsonsaudiarabia.com.png, lindt.de.png, kuraray.us.com.png, ilmercatoambacht.nl.png, avon.com.sa.png, jll.com.lk.png, brother.com.br.png, honda-angouleme.com.png, toyotabakircilarfethiye.com.tr.png, pingusenglish.vn.png, wurth.kz.png, cinnabon.com.tr.png, pkfcs.co.nz.png, desjoyauxgh.com.png, notairespirletboinet.be.png, aeccglobal.com.bd.png, cfmotoperu.com.png, bauwerk-group.hr.png, habitatmichigan.org.png, isover.se.png, mcdonalds.ma.png, invisalign.co.kr.png, renaultdelsol.com.mx.png, cgparivarconstruction.com.png, culligantulsa.com.png, mitsubishi-motors.pt.png, edenred.hu.png, rjelinek.cl.png, mediqdirekt.de.png, lindt.com.au.png, synlab.hr.png, rotaryclubmedellin.org.png, renaulttlalnepantla.com.mx.png, louisdepoorterestore.com.png, goliathgames.de.png, avis-tahiti.com.png, digi-intl.co.jp.png, lidl.ee.png, eurofins.hr.png, jscosccha.com.png, medef41.fr.png, spitex-kriens.ch.png, rcchurch.com.png, sprachschule-aktiv.de.png, asieris.com.png, ford.if.ua.png, pilotpen.co.th.png, linde.ch.png, medicover.de.png, vans.com.ar.png, pepsico.fr.png, dysartsservicecenter.com.png, toupret.ch.png, skssweden.se.png, toyotadefence.com.png, nhszketpo.hu.png, linexcoloradosprings.com.png, kapanfastigheter.se.png, kumon.com.co.png, kiaofstcatharines.com.png, honda.com.hk.png, fmc-symposium.cz.png, nissanofthebronx.com.png, tgmresearch.vn.png, pigtailsandcrewcutsfranchise.com.png, lindt.ch.png, carglass.ee.png, duraclean.us.png, wurth.co.za.png, intersport-grandbornand.com.png, inductotherm.com.tr.png, greatplacetowork.co.il.png, servier.ru.png, luminishealthcareers.org.png, cyclecarriage.com.png, hennessyfunds.com.png, landi.swiss.png, adra.org.pe.png, miniso-home.ro.png, vbh.cz.png, saint-gobain.com.co.png, hyundaigatineau.ca.png, kia.com.uy.png, ardex.pl.png, ford.pl.ua.png, scholpp.it.png, securitas24.de.png, isic.de.png, leroymerlin.co.za.png, culliganh2o.com.png, adeccojapanese.asia.png, wwf.at.png, habitatns.ca.png, dairyqueenobx.com.png, franzcollection.com.png, synlab.com.cy.png, axa-assistance.ma.png, intersport.com.cy.png, pirtek.ie.png, bosch-pt.com.cn.png, stora-drain.be.png, fitness4homesuperstore.com.png, sto-sea.com.png, intersport.fi.png, aonhewitt.com.cy.png, dulux.in.png, astrazeneca.com.hk.png, worldvision.com.au.png, kern-liebers.it.png, stanbicbank.co.ke.png, saint-gobain.al.png, kiaofmuncie.com.png, adra.pl.png, meyersound.de.png, tupperware.it.png, isover.fi.png, rationalstock.es.png, demeter.at.png, synergiejobs.at.png, daad-australia.org.png, kiaofabilene.com.png, arkaybeverages.com.png, wordans.de.png, mercyships.fr.png, citychain.co.th.png, wurth.lk.png, aliaxis.bg.png, gwaliasweets.ca.png, budgetoman.com.png, cdltresrios.com.br.png, subarutijuana.mx.png, moorestoke.co.uk.png, minisoindia.com.png, sitechsolutions.com.png, toyota-magny.fr.png, mazda.ua.png, berlitz-augsburg.de.png, sixty8.ro.png, yvesrocher.com.tr.png, isover.lv.png, mazdaofnewrochelle.com.png, grantthornton.sk.png, veolia.com.ru.png, avia.hu.png, berlitzhautsdefrance.fr.png, kuestarubber.com.png, logmaxbr.com.br.png, cfmoto.com.tr.png, experian.co.uk.png, kynixsemiconductor.com.png, manpowergroup.ch.png, viessmann.ua.png, culligandesmoines.com.png, mercyships.se.png, sitech.fi.png, hyundai.sn.png, deheus.com.vn.png, lamborghinimontreal.com.png, pakuacanada.com.png, lamborghini-stuttgart.com.png, europa-union-thueringen.de.png, kiamotors.com.co.png, orange.sn.png, toysrus.com.sg.png, mazda-autohaus-huck-buehl.de.png, mazda-wroclaw-jaremko.pl.png, nikon-mea.com.png, tapflo.nl.png, printsasia.com.png, mateco.mx.png, carglass.dk.png, meggle-foodingredients.de.png, moore.es.png, drinkculligan.com.png, sitechdo.com.mx.png, hondatygerberg.co.za.png, indianmotorcyclesturgis.com.png, subway.co.id.png, plastoplan.rs.png, wingarc.com.au.png, remax-lueneburg.de.png, aamcomesacountryclub.com.png, ardex.com.tw.png, ikea.es.png, xwiftracingevents.be.png, nordicpharma.nl.png, allbranded.de.png, pmsgen.com.png, jungheinrich.com.au.png, fattalhotelgroup.com.png, mcdonalds.com.sg.png, repsolresourcesuk.com.png, metlife.co.kr.png, allianzim.com.png, pamline.fr.png, benu.ee.png, mercyships.ch.png, truckcityford.com.png, camesoluciones.com.png, decathlon.cz.png, amway.co.jp.png, reallifeconcepts.co.za.png, ikea.com.do.png, lindt.cz.png, stanbicbank.co.zm.png, cvjm-dettingen.de.png, ibc-solar.co.za.png, cleijsenautoschadegoirle.nl.png, isover.at.png, subaru.es.png, moore-czech.cz.png, aeccglobal.co.id.png, toyotatoyan.com.tr.png, wuerth.bg.png, wurth.ua.png, intersport.hu.png, powerint.cn.png, gs1.at.png, ardexbuildingproducts.ie.png, humanasecondhand.se.png, miniso.ge.png, renaulttersa.com.mx.png, plameco-bonn.de.png, keasyfit.it.png, bakertilly.gt.png, hyundai.ge.png, kierpensions.co.uk.png, movingstarsinc.com.png, fortprousa.com.png, babgencel.de.png, lvs-oxford.org.uk.png, mapfre.pr.png, kiacowansville.com.png, julis-sh.de.png, mazdaofmilford.com.png, childrenandteendentalfl.com.png, durableonline.com.sg.png, nordicpharma.es.png, eru.com.ua.png, linak.es.png, menicon.sg.png, adra.se.png, stawag-energie.de.png, fmc-mexico.com.png, azets.ie.png, orange.co.bw.png, avis-taiwan.com.png, tasuki-holdings.co.jp.png, linde-electronics.com.png, saint-gobain.ru.png, bakertilly.pk.png, rotary6450.org.png, lueck-gruppe.de.png, richs.co.uk.png, chauffeurstelefoon.nl.png, modshair-nuernberg.de.png, faacentrancesolutions.be.png, aireonepeel.ca.png, avia.nl.png, decathlon.com.br.png, gulf.com.mk.png, wuerth.my.png, linexswfl.com.png, santillana.com.uy.png, pefc.es.png, gs1tn.org.png"
0,"medeforne.fr.png, medef-corse.com.png, medef-cote-opale.com.png, medef-44.fr.png, medef-cher.fr.png, medef71.com.png, medef-htcis.com.png, medef-dromeardeche.fr.png, medef-paysdelaloire.fr.png, medef-seineetmarne.fr.png, medef-sarthe.fr.png, medef-beziers.fr.png, medef-aura.fr.png, medef-essonne.org.png, medef-artois.fr.png, medef-somme.fr.png, medef-pays-basque.fr.png, medef79.fr.png, medef-anjou.fr.png, medef-aude.com.png, medef-alsace.com.png, medef-franche-comte.com.png, medef-nouvelle-aquitaine.fr.png, medef-mayenne.com.png, medef-seine-estuaire.fr.png, medef-vendee.fr.png"
1,"daikin.ge.png, daikinbahrain.com.png, daikinuae.com.png, daikinchemicals.com.png, daikinegypt.com.png, daikin.rs.png, daikin-ce.com.png, daikin.mk.png, daikin.al.png, daikin-iraq.com.png, daikinmea.com.png, daikinqatar.com.png, daikinafrica.com.png, daikin.ru.png, daikin-ksa.com.png, daikin.az.png"
2,"aonsolutions.gr.png, aonsolutions.com.tr.png"
3,"spitexsense.ch.png, spitex-see-lac.ch.png, spitex-aarenord.ch.png, spitex-region-kreuzlingen.ch.png, spitex-trevalli.ch.png"
4,"subaru.eu.png, subaruqatar.com.png"
5,"autosecuritas-ct-notre-dame-doe.fr.png, autosecuritas-ctlp.fr.png, autosecuritas-passins.fr.png, autosecuritas-tallard.fr.png, autosecuritas-ducos.fr.png, autosecuritaslemoule.fr.png, autosecuritas-barlin.fr.png"
6,"aiesec.cl.png, aiesec.ba.png"
7,"bbraun.se.png, bbraun.no.png, bbraun.ae.png, bbraun.ph.png, bbraun.com.vn.png, bbraun.fi.png, bbraun.cl.png, bbraun.co.za.png, bbraun.com.tw.png, bbraun.mx.png, bbraun.com.ar.png, bbraun.ec.png, bbraun.ro.png, bbraun.pk.png, bbraun.hu.png, bbraun.co.png, bbraun.co.in.png, bbraun.com.br.png, bbraun.lt.png, bbraun.co.kr.png, bbraun.com.py.png, bbraun.dk.png"
8,"pkfjnd.com.png, pkf.co.uk.png, pkf.swiss.png, pkfsingapore.com.png, pkfboston.com.png, pkf-central-america.com.png"
9,"bakertilly.com.cy.png, bakertilly.se.png, bakertilly.ke.png, bakertilly.ec.png, bakertilly.fr.png, bakertilly.no.png, bakertilly.bg.png, bakertilly.lk.png, bakertilly.ma.png, bakertilly.it.png, bakertillymlt.se.png, bakertilly.ky.png, bakertilly.ci.png, bakertilly.lu.png, bakertilly.gi.png, bakertillygh.com.png, bakertilly.ng.png, bakertilly.lv.png, bakertilly-ca.com.png, bakertillylb.com.png, bakertilly.cl.png, bakertilly.site.png, bakertilly.vg.png"
10,"menicon.fr.png, menicon.de.png, menicon.nl.png, menicon.es.png, menicon.com.au.png"
11,"synlab.com.tr.png, synlab.com.ng.png, synlab.cz.png, synlab.de.png, synlab.mk.png"
12,"aamcosouthloopautorepair.com.png, aamcocovinaca.com.png, aamcosantarosa.com.png, aamcospringfieldoh.com.png, aamcomilwaukieor.com.png, aamcobakersfield-whiteln.com.png, aamcooklahomacity-yukon.com.png, aamcomorristown.com.png, aamcomanassasva.com.png, aamcopatchogue.com.png, aamcoscottsdaleairpark.com.png, aamcobrooklyn-ralphave.com.png, aamcomorrisvillepa.com.png, aamcofeastervillepa.com.png, aamcostatenisland.com.png, aamcolawrencevillega.com.png, aamcofrederickmd.com.png, aamcowestpalmbeach.com.png, aamcobrookfieldwi.com.png, aamcoinglewoodca.com.png, aamcomorenovalley.com.png, aamcoelcajon.com.png, aamcobristolpa.com.png, aamcorockvillemd.com.png, aamcosignalhill.com.png, aamcoroundrocktx.com.png, aamcopennsaukennj.com.png, aamcodelran.com.png, aamcowarrentonva.com.png, aamcorandallstownmd.com.png, aamcosanrafaelca.com.png, aamcobrooklyn-atlanticave.com.png, aamcoclaymontde.com.png, aamcoaloha.com.png, aamcobridgewater.com.png, aamcoescondido.com.png, aamcoanaheim.net.png, aamcofortlauderdale-plantation.com.png, aamcoflagstaff.com.png, aamcosouthtampa.com.png, aamcoconcord.com.png, aamcoeggharbortwp.com.png, aamcocentraltampa.com.png, aamcowashingtondc.com.png, aamco-chesapeakeva.com.png, aamcofontanaca.com.png, aamconorthridgeca.com.png, aamcopomonaca.com.png, aamcobaltimore-pulaskihwy.com.png, aamcovancouver99.com.png, aamcowilliamsportpa.com.png, aamcoreadingpa.com.png, aamcowoodstock-mainst.com.png, aamcoaustin-burnetrd.com.png, aamcoparkvillemd.com.png, aamcotwinfalls.com.png, aamcoastoria.com.png, aamcoabingtonpa.com.png, aamcooaklandca.com.png, aamcoorange.com.png, aamcooverlandpark.com.png, aamcoeastpointga.com.png, aamcophoenixmaryvale.com.png, aamcoburbank.com.png, aamcosalemor.com.png, aamcoeugeneor.com.png, aamcolexingtonparkmd.com.png, aamcobakersfield-unionave.com.png, aamcoconcordnh.com.png, aamcoglendaleoldtown.com.png, aamcosandiego-missionbay.com.png, aamcotulsa-harvard.com.png, aamcofortworth.com.png, aamcopasadenatx.com.png, aamcocantonga.com.png, aamcobradenton.com.png, aamcohackettstown.com.png, aamcospringfieldva.com.png, aamcoindependencemo.com.png, aamcolakeworth.com.png, aamcodelraybeach.com.png, aamcopompanobeach.com.png, aamcotempe.com.png, aamcophilly-frankfordave.com.png, aamcopottstownpa.com.png, aamcohouston-veteransmemorial.com.png, aamcoseattlewa.com.png, aamcopuyallupwa.com.png, aamcosantacruzca.com.png, aamcomarietta-cobbparkway.com.png, aamcohemetca.com.png, aamcocedarparktx.com.png, aamcohamptonva.com.png, aamcoviennava.com.png, aamcophoenixcentral.com.png, aamcosandiego-miramar.com.png, aamcohightstownnj.com.png, aamcocatonsvillemd.com.png, aamcomissouricitytx.com.png, aamcotigard.com.png, aamcostuartfl.com.png, aamcowalnutcreekca.com.png, aamcocharlottesville.com.png, aamcoerlanger.com.png, aamcoeastmesa.com.png, aamcochino.com.png, aamcola-culvercity.com.png, aamcospokanevalleywa.com.png, aamcosuffolkva.com.png, aamcoofupland.com.png, aamcopeoria-az.com.png, aamcochannelviewtx.com.png, aamcolubbock.com.png, aamcomorganhill.com.png, aamcoblog.com.png, aamcoeuless.com.png, aamcodovernj.com.png, aamcohagerstownmd.com.png, aamcooklahomacity-northwest.com.png, aamcomcallen.com.png, aamcocarync.com.png, aamcotulsa-memorial.com.png, aamcoscottsdaleroad.com.png, aamcoeverett.com.png, aamcowebstertx.com.png, aamcotracyca.com.png, aamcoglendaleca.com.png, aamcoahwatukee.com.png, aamcomiami-birdroad.com.png, aamcolaurelmd.com.png, aamcoconyersga.com.png, aamcosilverspringmd.com.png, aamcopasadenaca.com.png, aamcooklahomacity-edmond.com.png, aamconewportnews.com.png, aamcowoodbridgeva.com.png, aamcovirginiabeachva.com.png, aamcostroudsburg.com.png, aamconewwindsor.com.png, aamcoarlington-pantego.com.png, aamcosurprise.com.png, aamcofremontca.com.png, aamcobronx.com.png, aamcometuchen.com.png"
13,"aiesecaustralia.org.png, aiesec.my.png"
14,"acuraoframsey.com.png, msmode.de.png, svncredit.ro.png, inbeat.co.png, msmode.fr.png, malerasstockholm.se.png, leekeswindows.co.uk.png, infiniti.mx.png, lamborghini-paris.com.png, kawasaki-center-koeln.de.png, lamborghini-zh.ch.png, sephora.fr.png"
15,"aamconorthwestfwy-houston.com.png, aamcopembroke.com.png, aamcolexingtoneast.com.png, aamcoranchocucamonga.com.png, aamcocolumbus-wbroadst.com.png, aamcobearde.com.png, aamcophoenixville.com.png, aamcoantiochca.com.png, aamcowestbroward.com.png, aamcotemeculaca.com.png, aamcolakeforestca.com.png, aamcogaithersburgmd.com.png, aamcorochesterny.com.png, aamcoroanokeva.com.png, aamconorthtampa.com.png, aamcotransmissionpensacola.com.png, aamcokellertx.com.png, aamcofortlauderdale-dixiehwy.com.png, aamcotransmissionsknoxville-kingstonpike.com.png, aamcobloomfield.com.png, aamcocorvallisor.com.png, aamcodowneyca.com.png, aamcoroslindalema.com.png, aamcotopekaks.com.png, aamcomcdonoughga.com.png, aamcoalexandriava.com.png, aamcodallastx.com.png, aamcotulsa-brokenarrow.com.png, aamcosantaanaca.com.png, aamcolancasterca.com.png, aamcophoenixnortheast.com.png, aamcosantaclaritaca.com.png, aamcoportsmouthnh.com.png, aamcovictorvilleca.com.png, aamcocoronaca.com.png, aamcohuntingtonbeachca.com.png, aamcocapistranobeachca.com.png, aamco-taylorsvilleut.com.png, aamco-duluthga.com.png, aamcohialeahfl.com.png, aamcolexingtonwest.com.png, aamcoathensga.com.png, aamcocolumbus-clevelandave.com.png, aamcolongbeachca.com.png, aamcosanbernardinoca.com.png"
16,"flashbay.es.png, flashbay.ca.png, flashbay.com.my.png, flashbay.hu.png, flashbay.fr.png, flashbay.no.png, flashbay.co.nz.png, flashbay.fi.png, flashbay.pt.png"
17,"equans.cl.png, equans.co.png, equans.lu.png"
18,"mazda-autohaus-wedding-engelskirchen-albertsth.de.png, mazda-autohaus-henn-weilamrhein.de.png, mazda-autohaus-elstner-jena.de.png, mazda-autohaus-gerhard-figge-waldeck-hoeringhausen.de.png, mazda-autohaus-fritsche-grossschoenau.de.png, mazda-autohaus-goedde-meschede.de.png, mazda-autohaus-becker-homburg-bruchhof.de.png, mazda-autohaus-dorner-riedlingen.de.png, mazda-autohaus-klein-bietigheim-bissingen.de.png, mazda-autohaus-banaszak-kleve.de.png, mazda-autohaus-tillack-perleberg.de.png, mazda-autohaus-suedring-datteln.de.png, mazda-automobile-maier-cham.de.png, mazda-autohaus-baumgart-altensteig.de.png, mazda-autohaus-roeser-grossmaischeid.de.png, mazda-autohaus-hellwig-hoyerswerda.de.png, mazda-autohaus-stoelzel-doehlau.de.png, mazda-autohaus-mueller-und-thurnes-tholey.de.png, mazda-autohaus-kaschmieder-waren.de.png, mazda-autohaus-schmidt-meschede.de.png, mazda-autohaus-trumpf-wimmelburg.de.png, mazda-autohaus-rausch-dresden.de.png, mazda-autohaus-mueller-plauen.de.png, mazda-autohaus-wagner-dortmund.de.png, mazda-autohaus-tabbouch-speyer.de.png, mazda-autohaus-weber-magdeburg.de.png, mazda-autohaus-wilhelm-huellhorst.de.png, mazda-autohaus-kalina-gelsenkirchen.de.png, mazda-autohaus-w-k-kamen.de.png, mazda-autohaus-schmidt-oschatz.de.png, mazda-autohaus-albers-doerpen.de.png, mazda-autohaus-misch-uebach-palenberg.de.png, mazda-autohaus-schneider-sondershausen.de.png, mazda-autohaus-ahb-gotha.de.png, mazda-autohaus-roessel-birkenau.de.png, mazda-autohaus-schreier-biebergemuend-bieber.de.png, mazda-autohaus-rottmann-bottrop.de.png, mazda-autohaus-henseler-schwedt.de.png, mazda-autohaus-witthoeft-bad-oldesloe.de.png, mazda-autohaus-kopke-bendel-marl.de.png, mazda-autohaus-hansmann-kassel.de.png, mazda-autohaus-bolluck-goslar.de.png, mazda-autohaus-dohm-horn-bad-meinberg.de.png, mazda-autohaus-schwenke-duisburg.de.png, mazda-autohaus-weiss-niedernhausen.de.png, mazda-autohaus-haese-erkrath-hochdahl.de.png, mazda-autohaus-lotspeich-muenchen.de.png, mazda-autohaus-eisele-langenau.de.png, mazda-autohaus-heider-dresden.de.png, mazda-autohaus-berlenbach-bergischgladbach.de.png, mazda-autohaus-kramer-kirchberg.de.png, mazda-autohaus-lackmann-sendenhorst.de.png"
19,"pragroup.de.png, pragroup.pl.png, pragroup.no.png, pragroup.fi.png, pragroup.se.png, pragroup.at.png"
20,"wuerth.com.hr.png, wurth.co.nz.png, wuerth.co.th.png, wurthindustry.ca.png, wurth.pe.png"
21,"culliganchicago.com.png, culliganfresnolindsay.com.png, culliganmichigan.com.png, culligantotalwaterbaraboo.com.png, culliganlasvegas.com.png, culligancentralindiana.com.png, culliganricelake.com.png, culliganwatercorrections.com.png, culliganmidmichigan.com.png, culligankennewick.com.png, culliganmonroe.com.png, culliganromeo.com.png, culliganwatertreatment.com.png, culliganofidaho.com.png, culliganlansing.com.png, culliganofsouthwestwisconsin.com.png, culliganwooster.com.png, culligangrandrapids.com.png, culliganlemars.com.png, culliganwheaton.com.png, culligantotalwater.com.png, allthingswater.com.png, culliganheartland.com.png, culligannation.com.png, culliganwisconsin.com.png, culligancountry.com.png, culliganatlanta.com.png, culliganjanesville.com.png, culliganregina.com.png, culliganredwing.com.png, culliganadvantage.com.png, culligandenkerwaterconditioning.com.png, culligantoledo.com.png, culliganstlouis.com.png, culliganindiana.com.png, culliganofpeoria.com.png, culliganmarion.com.png, culligantotalwateriowa.com.png, culliganillinoisvalley.com.png, culliganiowa.com.png, culligannc.com.png"
22,"plameco.at.png, plameco.be.png, plameco.nl.png, plameco-huizen.nl.png"
23,"murrelektronik.fr.png, murrelektronik.ro.png, murrelektronik.no.png, murrelektronik.pl.png, murrelektronik.uk.png, murrelektronik.hu.png, murrelektronik.it.png, murrelektronik.sk.png, murrelektronik.cz.png, murrelektronik.ch.png, murrelektronik.com.cn.png, murrelektronik.es.png, murrelektronik.com.tr.png, murrelektronik.at.png, murrelektronik.kr.png, murrelektronik.fi.png, murrelektronik.be.png, murrelektronik.se.png, murrelektronik.sg.png, murrelektronik.in.png"
24,"toyota-annecy.fr.png, toyota-givors.fr.png, toyota-paris5.fr.png, toyota-montluel.fr.png, toyota-lyonsud.fr.png, toyota-rillieux.fr.png"
25,"toyotasarar.com.tr.png, toyotaconstanta.ro.png, toyotacavdarli.com.tr.png, toyotaploiesti.ro.png, toyotahizel.com.tr.png, toyotayigitvar.com.tr.png, toyotaotojen.com.tr.png, toyotaakten.com.tr.png, toyotasud.ro.png, toyotaer.com.tr.png, toyotasandikci.com.tr.png, toyotaparmaksizlar.com.tr.png, toyotakocaelikaya.com.tr.png, toyotamezcar.com.tr.png, toyotagoktepe.com.tr.png, toyotayoruk.com.tr.png, toyotabucurestinord.ro.png, toyotasonkar.com.tr.png, toyotaelpa.com.tr.png, toyotayatubodrum.com.tr.png, toyotaoztoprakhatay.com.tr.png, toyotasamlioglu.com.tr.png, toyotaderinderekocak.com.tr.png, toyotaakkoyunlu.com.tr.png"
26,"affidea.gr.png, synlab.lt.png, affidea.pl.png, affidea.lt.png"
27,"mersen.hu.png, mersen.jp.png, mersen.com.br.png, mersen.in.png, mersen.it.png, mersen.com.tr.png, mersen.es.png"
28,"mazda-autohaus-tietje-holmb-wedel.de.png, mazda-autohaus-voigtlaender-meyer-hamburg.de.png, mazda-autohaus-blank-dinkelsbuehl.de.png, mazda-autohaus-richter-forst.de.png, mazda-autohaus-hamester-hamburg-bergedorf.de.png, mazda-autohaus-grasdanner-holzkirchen.de.png, mazda-autohaus-lohmann-kreuztal.de.png, mazda-autohaus-ruettiger-wallduern.de.png, mazda-autohaus-bayer-goessweinstein.de.png, mazda-autohaus-ubben-aurich.de.png, mazda-autohaus-thoss-falkenstein.de.png, mazda-autohaus-gruendel-doerth.de.png, mazda-service-koch-ludwigsfelde.de.png, mazda-autohaus-torp-wilhelmshaven.de.png, mazda-autohaus-ludwig-halle-neustadt.de.png, mazda-autohaus-schmidt-grossenhain.de.png, mazda-autohaus-schindlbeck-straubing.de.png, mazda-autohaus-wuttke-gummersbach.de.png, mazda-autohaus-dittrich-genthin-huettermuehle.de.png, mazda-autohaus-ehrlich-aschaffenburg.de.png, mazda-autohaus-stiefel-muehlacker.de.png, mazda-autohaus-kilger-regen.de.png, mazda-autohaus-sturne-grimma.de.png, mazda-autohaus-doerenkaemper-bad-hersfeld.de.png, mazda-autopark-rath-krefeld.de.png, mazda-autohaus-schindlbeck-schwandorf.de.png, mazda-automobile-weberpals-sonneberg-hoenbach.de.png, mazda-autohaus-wassing-ahaus-wuellen.de.png, mazda-autohaus-hohenfeld-dinslaken.de.png, mazda-autohaus-banaszak-wesel.de.png, mazda-autohaus-hansmann-melsungen.de.png, mazda-autohaus-friedmann-steinfeld.de.png, mazda-autohaus-fenzl-hauzenberg.de.png, mazda-autohaus-hoeffner-clausen.de.png, mazda-autohaus-born-ludwigslust.de.png, mazda-autohaus-lommel-grettstadt.de.png, mazda-autohaus-flindt-marschacht.de.png, mazda-autohaus-brutschin-lenzkirch.de.png, mazda-autohaus-wilk-kaczmarek-schwerin.de.png, mazda-autohaus-engelbart-delmenhorst.de.png, mazda-autohaus-buelo-naumburg.de.png, mazda-autohaus-mork-rockenhausen.de.png, mazda-service-metz-marne.de.png, mazda-autohaus-sturne-rochlitz.de.png, mazda-autohaus-behrens-magdeburg-ottersleben.de.png, mazda-autohaus-moellenkamp-rheine.de.png, mazda-autohaus-haeusler-fuerstenfeldbruck.de.png, mazda-autocentrum-engin-holzminden.de.png, mazda-autohaus-boehme-lutherstadt-wittenberg.de.png, mazda-autohaus-lehmann-senftenberg.de.png, mazda-autohaus-gollan-hamm.de.png, mazda-autohaus-abs-erlangen.de.png"
29,"axa.be.png, axa.com.br.png, axa-lifeeurope.com.png, axa.ma.png"
30,"spitexstaefa.ch.png, spitexgraenichen.ch.png, spitex-muellheim.ch.png, spitex-regiokirchspiel.ch.png, spitexgaiserwald.ch.png, spitex-steinmaur-neerach.ch.png, spitex-freiamt.ch.png, spitexlauchetal.ch.png, spitex-gersau.ch.png, spitexbuchs.ch.png, spitex-wasseramt.ch.png, spitex-meggen.ch.png, spitex-region-stockhorn.ch.png, spitex-appenzellerland.ch.png, spitex-region-zofingen.ch.png, spitexampuls.ch.png"
31,"fmlogistic.it.png, fmlogistic.ro.png, fmlogistic.com.ua.png, fmlogistic.com.br.png, fmlogistic.es.png"
32,"aliaxis.hu.png, aliaxis.gr.png, aliaxis.be.png, aliaxis-me.com.png"
33,"servier.gr.png, servier.nl.png, servier.vn.png, servier.co.id.png, servier.at.png, servier.co.uk.png, servier.sk.png, servier.si.png, servier.com.pa.png, servier.com.ar.png, servier.pl.png, servier.it.png, servier.com.ph.png, servier.cz.png, servier.pt.png"
34,"mazda.lv.png, mazda.lt.png"
35,"allianz.com.gr.png, allianz.com.ar.png, allianz.lt.png, allianz.is.png"
36,"aamcomurraysouthsaltlakecity.com.png, aamcoeastonpa.com.png, aamcoeastbrunswick.com.png, aamcokcnorth.com.png, aamcomanchesterct.com.png, aamcoalbuquerque.com.png, aamcosouthsarasota.com.png, aamcospringfield.com.png, aamcomiddletownny.com.png"
37,"de-heus.nl.png, deheus.rs.png, deheus.pt.png"
38,"edenred.fi.png, edenred.com.uy.png, edenred.es.png, edenred.cl.png, edenred.com.ar.png"
39,"worldvision.org.sv.png, worldvision.co.png"
40,"kiamarin.com.png, kiaofgrandblanc.com.png, kiaofdaphne.com.png, kiajc.com.png"
41,"honda-lorient.com.png, honda-rouen.com.png, honda-lemans.com.png, honda-bordeaux.com.png, honda-cannes.com.png, honda-toulouse.com.png, honda-chateauroux.com.png, honda-lille.com.png"
42,"mazdaofmidland.com.png, mazda.com.ec.png, mazda.nl.png"
43,"advocaremorristownpediatrics.com.png, advocarewdp.com.png, advocarenewbornnetwork.com.png"
44,"carglass.hr.png, carglass.re.png, carglass.cz.png, carglass.hu.png, carglass.lt.png, carglass.si.png, carglass.gr.png, carglass.rs.png"
45,"toyotaefe.com.tr.png, toyotagocmenturk.com.tr.png, toyotaonatca.com.tr.png, toyotanatas.com.tr.png, toyotaborovali.com.tr.png"
46,"bbraun.cz.png, bbraun.ca.png, bbraun.pt.png, bbraun.be.png"
47,"bosch-homecomfort.com.png, bosch-climate.com.tr.png"
48,"culligangeneva.com.png, culliganmarlette.com.png, culliganwi.com.png, vettersculliganwater.com.png, culliganmoseslake.com.png, culliganofwestbranch.com.png, culliganillinois.com.png, culliganminneapolis.com.png, culliganofofallon.com.png, culliganbrighton.com.png, culligantucson.com.png, culliganphoenix.com.png, culliganwaternebraska.com.png, culliganlacrosse.com.png, culligansiouxcity.com.png, culliganchampaign.com.png, culliganallegan.com.png, culliganporthuron.com.png, culliganwatercolorado.com.png, culliganwaterwyoming.com.png, culliganalbionhillsdale.com.png, culliganflint.com.png"
49,"holidayland-dorfen.de.png, holidayland-pohlheim.de.png, holidayland-durmersheim.de.png, holidayland-wunstorf.de.png, holidayland-roedermark.de.png"
50,"linde-gas.at.png, lindeoilandgas.com.png, linde.pe.png, linde.bo.png"
51,"airbnb.jp.png, airbnb.am.png, airbnb.com.hk.png, airbnb.nl.png, airbnb.cl.png, airbnb.com.br.png, airbnb.com.au.png, airbnb.no.png, airbnb.dk.png, airbnb.co.kr.png, airbnb.com.ar.png, airbnb.cz.png, airbnb.com.bo.png, airbnb.com.tw.png, airbnb.ca.png, airbnb.hu.png, airbnb.com.pe.png, airbnb.ie.png, airbnb.ba.png, airbnb.ru.png, airbnb.com.ro.png, airbnb.fr.png, airbnb.com.co.png, airbnb.com.vn.png, airbnb.co.id.png, airbnb.be.png"
52,"enterprise.se.png, enterprise.dk.png"
53,"bauder.rs.png, bauder.fr.png, bauder.ag.png, bauder.nl.png"
54,"aamcolasvegas.com.png, aamcoofgreensboro.com.png, aamco-omahanorth.com.png, aamco-omahawest.com.png, aamcoseguin.com.png, aamco-bellevue.com.png, aamcogastonianc.com.png, aamcopinevillenc.com.png, aamcobloomingtonil.com.png, aamcoconwaysc.com.png, aamcowintervillenc.com.png, aamcofuquayvarinanc.com.png, aamcoraleigh-capitalblvd.com.png, aamco-councilbluffs.com.png, aamcoyumaaz.com.png, aamcoreno.com.png, aamco-omahasouth.com.png"
55,"titancontainers.com.tr.png, titancontainers.us.png, titancontainers.at.png, titancontainers.co.nz.png, titancontainers.co.uk.png, titancontainers.ie.png, titancontainers.fr.png, titancontainers.dk.png"
56,"kelloggs.fr.png, kelloggs.it.png, kelloggs.no.png, kelloggs.gr.png"
57,"kia-gj-remagen-rolandseck.de.png, kia-brueggemann-neubrandenburg.de.png, kia-brueggemann-brandenburg.de.png, kia-penning-zetelneuenburg.de.png, kia-engbert-datteln.de.png, kia-telke-badschlema.de.png, kia-brass-frankfurt.de.png, kia-christ-ansbach.de.png, kia-kurt-recklinghausen.de.png, kia-levy-wittenberg.de.png, kia-fugel-dresden.de.png, kia-bachmann-wehretal.de.png, kia-diamant-wiesbaden.de.png, kia-wandscher-oldenburg.de.png, kia-auto-center-weiterstadt.de.png, kia-trinkle-schorndorf.de.png, kia-hoff-trier.de.png, kia-dresen-neuss.de.png, kia-vogt-finningen.de.png, kia-mueller-genthin.de.png, kia-sauter-albstadt.de.png, kia-poeschl-bensheim.de.png, kia-guenther-dingelstaedt.de.png, kia-suedmobile-radolfzell.de.png"
58,"europcar.rs.png, europcar.me.png"
59,"funiber.org.co.png, funiber.ma.png, funiber.ci.png, funiber.ml.png, funiber.fr.png, funiber.it.png, funiber.us.png"
60,"cdviplastics.com.png, cdvielectronics.com.png"
61,"worldvisionamericalatina.org.png, worldvisionmexico.org.mx.png"
62,"lidl.lt.png, lidl-ni.co.uk.png"
63,"nordicpharma.co.uk.png, nordicpharma.it.png, nordicpharma.ch.png, nordicpharma.be.png, nordicpharma.fr.png"
64,"inductotherm.com.cn.png, inductotherm.co.kr.png, inductotherm.com.au.png, inductotherm-group-france.fr.png"
65,"bakertilly.es.png, bakertilly.com.kh.png, bakertilly.mt.png"
66,"skoda-metz.fr.png, skoda-nancy.fr.png, skoda-clermontferrand.fr.png"
67,"einhell.ba.png, einhell.rs.png, einhell.pl.png, einhell.com.ar.png, einhell.co.uk.png, einhell.dk.png, einhell.ch.png, einhell.nl.png, einhell.hr.png, einhell.de.png, einhell.com.tr.png, einhell.fi.png"
68,"gjw-bb.de.png, gjw-nrw.de.png, gjw-nd.de.png, gjwnwd.de.png, gjw-sachsen.de.png, gjw-hessen.de.png, gjw-mv.de.png"
69,"einhell.com.gr.png, einhell.cz.png"
70,"trulynolenpiaui.com.br.png, trulynolennatal.com.br.png, trulynolenalagoas.com.br.png, trulynolenrecife.com.br.png, trulynolenbarueri.com.br.png, trulynolenparaiba.com.br.png, trulynolengoias.com.br.png, trulynolencampogrande.com.br.png"
71,"pefc.org.png, pefc.be.png, pefc.fi.png"
72,"worldvision.ca.png, worldvision.org.nz.png, worldvision.bo.png"
73,"kia-bender-coburg.de.png, kia-car-center-wismar.de.png, kia-jaeger-bevern.de.png, kia-fischer-muenchberg.de.png, kia-lange-gosen.de.png, kia-h-p-schiffweiler.de.png, kia-moeller-eisenach.de.png, kia-ds-lampertheim.de.png, kia-gorny-eislingen.de.png, kia-settele-neu-ulm.de.png, kia-maier-cham.de.png, kia-exner.de.png, kia-koenig-teltow.de.png, kia-schunke-aurich.de.png, kia-hotz-gardelegen.de.png, kia-ebner-baienfurt.de.png, kia-etehad-halstenbek.de.png, kia-daehn-goeritz.de.png, kia-burian-celle.de.png, kia-duerkop-hannover.de.png, kia-strehle-dresden.de.png, kia-moeller-wunstorf.de.png, kia-beyschlag.at.png"
74,"pingusenglish.my.png, pingusenglish.com.png"
75,"biothanesolutions.com.png, veolia.ie.png, vwswestgarth.com.png, veoliawatertech.com.png, veolia.bg.png, veoliawatertechnologies.it.png, canon.cl.png, veoliawatertechnologies.pl.png, veolia.es.png, veoliawatertechnologies.es.png"
76,"disneychannel.co.za.png, babble.com.png"
77,"clearblueionizer.be.png, gotchateausa.com.png"
78,"inductothermgroup.com.br.png, inductotherm.ca.png, inductothermhw.com.png"
79,"nestle.fi.png, nestle.do.png, nestle.pl.png, nestle-caribbean.com.png, nestle.dk.png, nestle.co.kr.png, nestle.co.nz.png, nestle.com.ar.png, nestle.no.png, nestle.ir.png, nestle.bg.png, nestle.lt.png, nestle.at.png, nestle-esar.com.png, nestle.com.sg.png, nestle.se.png"
80,"hansa-flex.us.png, hansa-flex.be.png, hansa-flex.at.png"
81,"ccusa.co.za.png, ccusa.nl.png, ccusa.com.au.png, ccusa.sk.png, ccusa.co.uk.png, ccusa.cz.png"
82,"linak.de.png, linak.kr.png, linak.com.br.png, linak.pl.png, linak.nl.png"
83,"linexofschererville.com.png, linexofjoliet.com.png, linexofwilliston.com.png, linexofstlouismo.com.png, linexofchickasha.com.png"
84,"europa-union-bremen.de.png, europa-union-diepholz.de.png, europa-union-niedersachsen.de.png"
85,"mazdacity.com.png, mazdaofpoughkeepsie.com.png"
86,"zalando.co.uk.png, zalando.dk.png, zalando.be.png, zalando.no.png, zalando.nl.png, zalando.ch.png, zalando.pl.png"
87,"linde-gaz.pl.png, linde-gas.nl.png, linde-gas.fr.png, linde-gas.ee.png, linde-gas.com.png, linde-gas.no.png, lindehomecare.fr.png, linde-gas.fi.png, linde-finance.com.png, linde-healthcare.nl.png, linde-gas.lv.png, lindesaude.pt.png"
88,"toyota-marseille.com.png, toyota-saint-victoret.com.png"
89,"fleishmanhillard.cn.png, fleishmanhillard.ph.png, fleishmanhillard.co.th.png, fleishmanhillard.mx.png, fleishmanhillard.co.id.png, fleishmanhillard.ie.png, fleishmanhillard.cz.png"
90,"toyota-innviertel.at.png, toyota-bauer.at.png, toyota-s.co.il.png, toyota-niederberger.at.png, toyota-ulrichshofer.at.png"
91,"tbwa-entelia.com.png, tbwaalif.com.png"
92,"aamcowsa.com.png, aamco-corpuschristi.com.png, aamcowarrenmi.com.png, aamcoelpaso-east.com.png, aamconsa.com.png, aamcoypsilantimi.com.png, aamco-newbraunfels.com.png"
93,"lindt.fi.png, lindt.com.mx.png, lindt.dk.png"
94,"misterwhat-au.com.png, misterwhat.nl.png, misterwhat.pt.png, misterwhat.com.br.png"
95,"kiaonline.dk.png, kiairaqnim.com.png, kia.com.np.png, kiaspringfield.co.za.png, kia.pt.png, kia-ci.com.png"
96,"sitech-ws.com.png, sitech-ohio.com.png"
97,"algeco.at.png, algeco.be.png, algeco.ro.png"
98,"europa-union-kassel.de.png, europa-union-sachsen-anhalt.de.png, europa-union-havelland.de.png"
99,"actemium.com.png, actemium.sk.png, actemium.co.uk.png, actemium.es.png"
100,"honda-limoges.com.png, honda-dijon.com.png, honda-marseille.com.png, honda-reims.com.png, honda-rennes.com.png, honda-villebon.com.png, honda-pirola.com.png, honda-saint-maur.com.png, honda-caen.com.png, honda-mulhouse.com.png, honda-metz.com.png, honda-larochelle.com.png, honda-grenoble.com.png, honda-strasbourg.com.png"
101,"greatplacetowork.fr.png, greatplacetowork.com.cy.png, greatplacetowork.com.py.png, greatplacetowork.lu.png, greatplacetowork.cl.png, greatplacetowork.com.bo.png, greatplacetowork.ch.png, greatplacetowork.pl.png, greatplacetowork.be.png, greatplacetowork.es.png, greatplacetowork.se.png, greatplacetowork.com.au.png"
102,"soneparfrance.fr.png, soneparthailand.com.png"
103,"thelocal.it.png, thelocal.fr.png, thelocal.no.png, thelocal.dk.png, thelocal.es.png, thelocal.ch.png, thelocal.at.png"
104,"nestle.com.uy.png, nestle.ch.png, nestle.com.tw.png, nestle.si.png, nestle.mk.png, nestle.ua.png, nestle.com.py.png, nestle.hr.png, nestle.com.bd.png, nestle.ba.png"
105,"spitex-regionbirs.ch.png, spitex-linth.ch.png, spitexlueg.ch.png"
106,"entergy-arkansas.com.png, entergy-neworleans.com.png, entergy-mississippi.com.png, entergy-louisiana.com.png, entergy-nuclear.com.png, entergy-texas.com.png, entergynewsroom.com.png"
107,"daikinkuwait.com.png, daikin.eu.png, daikinlebanon.com.png, daikin.ch.png"
108,"veolia.sk.png, veolia.cz.png"
109,"jll.ch.png, jll.lu.png, jll.co.il.png, jll.fi.png, jll.co.kr.png, jll.nz.png"
110,"furuno.fr.png, furuno.it.png"
111,"budget.com.do.png, budget.co.ao.png"
112,"allianz-genc.de.png, allianz-sebastiankoch.de.png, allianz-kuhlemann.de.png, allianz-peev.de.png, sekulin-allianz.de.png, allianz-rose.info.png"
113,"bbraun.com.tr.png, bbraun.hr.png, bbraun.bg.png"
114,"culliganhoriconwatertown.com.png, culligangrandisland.com.png, culliganwaterstillwater.com.png, culligandelavan.com.png, culliganquadcities.com.png, culliganwaterwestbend.com.png, culliganwaterburlington.com.png, culliganwaterbillings.com.png"
115,"greatplacetowork.is.png, greatplacetowork.mu.png, greatplacetowork.com.tr.png, greatplacetowork.com.uy.png, greatplacetowork.com.mm.png, greatplacetowork.com.ar.png, greatplacetowork.cn.png, greatplacetowork.com.sg.png, greatplacetowork.com.co.png, greatplacetowork.com.pe.png, greatplacetowork.co.kr.png, greatplacetowork.com.vn.png"
116,"amnesty.hu.png, amnesty.se.png, amnesty.is.png"
117,"jungheinrich.co.th.png, jungheinrich.com.my.png, jungheinrich.com.sg.png"
118,"monster.be.png, monster.ie.png, monster.at.png, monster.se.png"
119,"ovb.gr.png, ovb.at.png, ovb.ro.png"
120,"duracell.co.za.png, duracell.in.png, duracell.es.png, duracell.pl.png, duracell.fr.png, duracell-me.com.png, duracell.com.tr.png, duracell.it.png"
121,"toyotafocsani.ro.png, toyotabacau.ro.png, toyota-handler.at.png"
122,"shopee.co.id.png, shopee.co.th.png, shopee.com.co.png, shopee.com.my.png, shopee.vn.png, shopee.com.mx.png"
123,"brother.com.ar.png, brother-industrial.com.png, brother.co.il.png, brother.com.pe.png, brother.com.mx.png"
124,"freseniuskidneycare.ph.png, freseniuskidneycare.au.png, freseniuskidneycare.asia.png"
125,"veolia.ca.png, veolia.co.za.png, veolia.in.png, veolianorthamerica.com.png, veolia.com.sg.png, veolia.nl.png"
126,"unicharm.co.in.png, unicharm.com.br.png"
127,"bioderma.co.za.png, bioderma.ec.png"
128,"kawasaki-magdeburg.de.png, kawasaki-seufert.de.png, kawasaki-herzog.de.png"
129,"analytik-jena.ru.png, analytik-jena.fr.png"
130,"astrazeneca.ua.png, astrazeneca.no.png, astrazeneca.pt.png, astrazeneca.ca.png, astrazeneca.dk.png"
131,"stosignature.com.png, sto.hu.png, sto.hr.png"
132,"bimedacanada.com.png, bimedaus.com.png"
133,"mateco.bg.png, mateco.ro.png"
134,"isover.ua.png, isover.co.kr.png, isover.hu.png"
135,"cdviberica.com.png, cdvi.de.png"
136,"bosch-industry-consulting.com.png, bosch-pt.com.au.png, bosch-industrial.com.png, bosch-pt.co.in.png, bosch-pt.com.my.png"
137,"nobleprog.ro.png, nobleprog.com.ar.png, nobleprog.mx.png, nobleprog.com.eg.png, nobleprog.com.ng.png, nobleprog.ae.png"
138,"duluxarabia.com.png, dulux.com.sg.png, dulux.pl.png, dulux.com.my.png"
139,"infiniti-dubai.com.png, infiniti-abudhabi.com.png"
140,"repsol.fr.png, repsol.us.png, repsol.com.mx.png, repsol.pe.png, repsol.no.png"
141,"adra.ca.png, adra.org.rs.png, adra.org.pt.png, adra.fr.png, adra.org.au.png"
142,"narscosmetics.de.png, narscosmetics.es.png, narscosmetics.fr.png, narscosmetics.co.uk.png"
143,"bbraun.nl.png, bbraun.com.my.png"
144,"norauto-empleo.es.png, norauto.com.png"
145,"vans.com.au.png, vans.co.nz.png"
146,"atalian.hu.png, atalian.sg.png, atalian.pl.png, atalian.lu.png, atalian.be.png"
147,"metlife.cl.png, metlife.com.tr.png, metlife.com.au.png, metlife.com.ar.png, metlife.com.bd.png"
148,"solatubegalicia.com.png, solatube.pt.png"
149,"howdentiger.com.png, howdenagents.gr.png, howdensafetysolutions.com.png"
150,"baywa-re.co.kr.png, baywa-re.es.png, baywa-re.mx.png, baywa-re.com.au.png, baywa-re.vn.png, baywa-re.pl.png, baywa-re.fr.png"
151,"isuzubarcs.hu.png, isuzugyor.hu.png"
152,"siebtechnik-tema.nl.png, siebtechnik-tema.cn.png"
153,"engie-energia.pe.png, engie.cl.png, engie.de.png, engie-refrigeration.de.png, engieservices.us.png"
154,"msd-animal-health.com.au.png, msd-animal-health.dk.png, msd-animal-health.co.nz.png, msd-animal-health.pl.png, msd-animal-health.be.png"
155,"asendia.de.png, asendia.it.png, asendiausa.com.png, asendia.sg.png, asendia.se.png, asendia.es.png, asendia.at.png, asendia.co.uk.png, asendia.dk.png"
156,"job-impulse.hu.png, job-impulse.es.png, job-impulse.sk.png, job-impulse.us.png"
157,"funiber.org.uy.png, funiber.cm.png, funiber.sn.png"
158,"pkfmalta.com.png, pkf.co.in.png"
159,"mapfre.com.gt.png, mapfre.com.uy.png, mapfre.com.ve.png, mapfre.com.py.png"
160,"pirtek.be.png, pirtek.nl.png"
161,"orange.md.png, orange.cm.png, orange.sk.png"
162,"culligansanantonio.com.png, culliganwt.com.png"
163,"amphenolaudio.com.png, oilfieldequipments.us.png"
164,"renaultpuertovallarta.com.mx.png, renaultsancosme.com.mx.png, renaultcampeche.mx.png"
165,"rsmpoland.pl.png, rsmthailand.com.png, rsmrecruitment.com.png, rsm.bh.png, rsm.lu.png, rsmuk.com.png, rsmcanada.com.png"
166,"mtn.zm.png, mtn.co.sz.png, mtn.ci.png"
167,"rotary-club-paris-se.org.png, rotary-club-strasbourg.org.png"
168,"viacon.no.png, viacon.fi.png"
169,"roca.it.png, roca.ro.png"
170,"tapflo.hu.png, tapflo.kz.png, tapflo.co.za.png, tapflo.it.png, tapflo.at.png, tapflo.by.png"
171,"holidayland-friedrichshafen.de.png, holidayland-sanktwendel.de.png, holidayland-reisebuero-stuppert.de.png"
172,"veoliawatertechnologies.de.png, veolia.pl.png, veolia.fi.png, veolia.com.gh.png, veolia.de.png, veolia.jp.png"
173,"vkf-renzel.ro.png, vkf-renzel.co.uk.png, vkf-renzel.com.tr.png, vkf-renzel.fr.png, vkf-renzel.nl.png"
174,"renaultinterlomas.com.png, renault-chihuahua.com.png"
175,"pilotpen.ro.png, pilotpen.eu.png"
176,"toyotacetas.com.tr.png, myfamily.ca.png, toyotamici.com.tr.png, toyotakuzen.com.tr.png"
177,"synergiejobs.nl.png, synergie.es.png"
178,"spitex-romanshorn.ch.png, spitex-oberfreiamt.ch.png, spitexkempt.ch.png, spitex-imboden.ch.png, spitex-rotbachtal.ch.png, spitex-oberthurgau.ch.png, spitex-wiggertal.ch.png, spitex-gaeu.ch.png, spitex-grauholz.ch.png, spitexow.ch.png, spitex-zimmerberg.ch.png, spitex-emmen.ch.png, spitexrontalplus.ch.png, spitex-bodensee.ch.png, spitex-wyland.ch.png, spitexgossau.ch.png, spitexzh.ch.png, spitexniesen.ch.png, spitex-regiowittenbach.ch.png, spitex.sg.png, spitex-wuerenlos.ch.png, spitexmuri.ch.png, spitexkaiseraugst.ch.png"
179,"amway.com.do.png, amway.fr.png, amway.de.png, amway.ch.png, amway.it.png, amway.at.png"
180,"nestle.com.vn.png, nestle-mena.com.png, nestle.com.pe.png"
181,"daikin.si.png, daikin.fi.png"
182,"bioderma.pl.png, bioderma.sg.png, bioderma-india.in.png"
183,"kia-chita.ru.png, kia-crimea.ru.png, kia-kmv.ru.png, kia-autoprodix.ru.png, kia-asc.ru.png, kia-plt.ru.png"
184,"mazdaofnorthmiami.com.png, mazdaoforlandpark.com.png, mazdafwb.com.png"
185,"ymcaswv.com.png, ymcasteuben.org.png"
186,"vbh.ro.png, vbhtrgovina.si.png"
187,"pearsonschoolsandfecolleges.co.uk.png, pearsonclinical.com.au.png"
188,"savethechildren.or.id.png, savethechildren.org.au.png"
189,"axa-assistance.pl.png, axa-assistance.cz.png"
190,"intersport-crestvoland.com.png, intersport-alpedhuez.com.png"
191,"mazdaofspartanburg.com.png, mazdaofconshohocken.com.png, mazdaofpottstown.com.png"
192,"foxinaboxgraz.at.png, foxinaboxbrisbane.com.png, foxinabox.mx.png"
193,"pingusenglish.ps.png, pingusenglish.ee.png"
194,"modshair-koeln-lindenthal.de.png, modshair-hannover.de.png, modshair-koeln-city.de.png"
195,"algeco.sk.png, algeco.cz.png"
196,"meggle.it.png, meggle-bakery.com.png, meggle-group.com.png, meggle-cheese.com.png"
197,"engieresources.com.png, engie.com.au.png"
198,"aeccglobal.vn.png, aeccglobal.my.png, aeccglobal.co.th.png"
199,"vivaconagua.at.png, vivaconagua.org.za.png"
200,"vbh.com.es.png, vbh.lv.png, vbh.be.png, vbh.de.png"
201,"overheaddoorkalamazoo.com.png, overheaddoorcompanyjackson.com.png, overheaddoorfayetteville.com.png, overheaddoorsrichmond.com.png"
202,"invisalign.de.png, invisalign.co.uk.png, invisalign.fr.png, invisalign.ch.png, invisalign.ae.png"
203,"atalian.rs.png, atalian.sk.png"
204,"vans.it.png, vans.es.png, vans.nl.png, vans.fr.png, vans.at.png"
205,"kia-ahs-roehrnbach.de.png, kia-schmid-hoehenkirchen.de.png, kia-fischer-cottbus.de.png"
206,"bizfilings.com.png, genya.it.png, wolterskluwer.dk.png, delreg.com.png, medknow.com.png, wolterskluwer.com.my.png, annotext.de.png"
207,"daikinitalyshop.it.png, buydaikin.ro.png"
208,"tupperware.be.png, tupperware.com.vn.png, tupperware.com.ar.png, tupperware.nl.png, tupperware.co.kr.png"
209,"hertz.ro.png, hertz.com.do.png, hertz.com.cy.png"
210,"msd-animal-health.pt.png, msd-animal-health.es.png"
211,"intersport-risoul.com.png, intersport-arvieux.com.png, intersport-arc2000.com.png, intersport-lesrousses.com.png, intersport-courchevel1850.com.png"
212,"zalando.at.png, zalando.cz.png, zalando.ee.png"
213,"servier.ua.png, servier.hu.png, servier.lv.png, servier.co.th.png, servier.es.png, servier.bg.png"
214,"modshair-bielefeld.de.png, modshair-braunschweig.de.png"
215,"nexicentraleurope.com.png, nexi.gr.png"
216,"nexigroup.com.png, nexi.hr.png"
217,"renaultvercammen.be.png, renault-fama.be.png"
218,"thebodyshop.ee.png, thebodyshop.fi.png, thebodyshop.lt.png, thebodyshop.lv.png"
219,"cdvi.se.png, cdvi.fr.png"
220,"veolia.co.uk.png, krugerkaldnes.no.png"
221,"gs1my.org.png, gs1sk.org.png, gs1bg.org.png, gs1.ro.png"
222,"globalconnectgroup.com.png, globalconnectcarrier.com.png"
223,"remax-pinneberg.de.png, remax-buchholz.de.png"
224,"reedglobal.pl.png, reedglobal.ae.png, reedglobal.bg.png"
225,"orbico-kenoanyagok.hu.png, orbico.com.mk.png"
226,"ikea.ee.png, ikea.is.png"
227,"compo-hobby.it.png, compo-group.com.png"
228,"nutricia.de.png, nutricia.co.uk.png"
229,"fmlogistic.sk.png, fmlogistic.pl.png, fmlogistic.cz.png"
230,"toysrus.com.sa.png, toysrus.com.ph.png, toysrus.com.my.png"
231,"globalconnect.de.png, globalconnect.dk.png"
232,"eurofinsfoodtesting.nl.png, eurofinsfoodtesting.com.png"
233,"mazda-warszawa-auto2000.pl.png, mazda-krakow-kazokuluzar.pl.png"
234,"budgetinternational.com.png, budget-egypt.com.png"
235,"mtn.co.rw.png, mtn.ng.png"
236,"aiesec.gr.png, aiesec.org.es.png"
237,"statkraft.co.uk.png, statkraft.fr.png, statkraft.com.br.png, statkraft.ie.png, statkraft.com.pe.png, statkraft.com.tr.png, statkraftvarme.no.png"
238,"bakertillyeg.com.png, bakertilly.mu.png, bakertillymapema.se.png"
239,"roca.co.th.png, roca.fr.png"
240,"veolia.ma.png, veolia.cn.png"
241,"wurth-international.com.png, wuerth-gruppe.ch.png, wurth.com.tw.png"
242,"plastoplan.pl.png, plastoplan.com.png"
243,"moog.es.png, moog.fr.png, moog.co.uk.png"
244,"wurth-international.com.cn.png, wuerth.com.ph.png"
245,"savethechildren.ca.png, savethechildren.it.png"
246,"lindt.at.png, lindt.se.png"
247,"cfmoto.com.br.png, cfmotoitaly.it.png"
248,"vitalimages.com.png, canon.com.br.png"
249,"sephora.it.png, sephora.gr.png, sephora.ro.png, sephora.es.png, sephora.dk.png, sephora.pl.png, sephora.pt.png"
250,"toyota.com.la.png, toyota.com.kh.png, toyota.com.np.png"
251,"daikinchemicals.co.th.png, daikintexastechnologypark.com.png"
252,"allianzgloballife.com.png, allianzdarta.ie.png, allianz.ie.png, allianz.mg.png, allianz.ma.png"
253,"demeter-bw.de.png, demeter-im-norden.de.png, demeter-im-westen.de.png"
254,"bbraun.lv.png, bbraun-vetcare.pt.png, bbraun.rs.png, bbraun-vetcare.nl.png"
255,"bakertilly.pt.png, bakertilly.com.pa.png"
256,"habitatbroward.org.png, habitat.hu.png"
257,"santillana.com.pa.png, santillana.com.co.png"
258,"zkteco.co.za.png, zktecoma.com.png"
259,"papajohns.ma.png, papajohnsquebec.ca.png"
260,"isic.bg.png, isic.it.png"
261,"goliathgames.com.png, goliathgames.es.png"
262,"cfmoto-larissa.gr.png, aviapolska.pl.png, mazda112.com.png, engie-ecserwis.pl.png"
263,"santanderconsumer.no.png, santanderconsumer.se.png"
264,"misterwhat.de.png, misterwhat.pl.png"
265,"vkf-renzel.cz.png, vkf-renzel.dk.png"
266,"mazda.bg.png, mazda.gr.png, mazda.co.me.png, mazda.al.png"
267,"experian.com.hk.png, experian.co.nz.png, experian.com.sg.png"
268,"lidl.lv.png, lidl.com.cy.png"
269,"adecco.ie.png, adeccome.com.png, adecco.com.sg.png, adecco.cl.png, adecco.co.th.png"
270,"esseskincare.nl.png, esseskincare.dk.png, esseskincare.co.uk.png"
271,"siebtechnik-tema.com.au.png, siebtechnik-tema.co.uk.png"
272,"reedglobal.cz.png, reedglobal.com.tr.png, reedglobal.hu.png"
273,"wurth.sk.png, wurth.pt.png, wurth.rs.png, wurth.com.do.png"
274,"renaultpatria.com.mx.png, renaultmonterrey.com.png, renaultpatriotismo.com.mx.png"
275,"pkfboi.nz.png, pkfkerikeri.co.nz.png"
276,"ikea.com.hk.png, ikea.com.tw.png"
277,"infiniti-azerbaijan.com.png, infiniti.com.pa.png, infiniti.com.do.png, infiniti-bahrain.com.png"
278,"pearsonclinical.co.uk.png, pearsonclinical.fr.png"
279,"chicco.fr.png, chicco.com.mx.png"
280,"msmode.es.png, msmode.lu.png"
281,"honda.com.bd.png, hondaheritagecenter.com.png"
282,"aliaxis.it.png, aliaxis.pl.png"
283,"airbnb.rs.png, airbnb.si.png"
284,"hyundaiblacktown.com.au.png, hyundaichullora.com.au.png"
285,"solatube.no.png, solatube.se.png"
286,"ebay.com.hk.png, ebay.fr.png, ebay.pl.png"
287,"isover.it.png, saint-gobain-solutions.nl.png"
288,"chicco.pl.png, chicco.ru.png"
289,"wurth.com.vn.png, wurth-int.com.png, wurth.lv.png"
290,"toysrus.fr.png, toysrus.de.png"
291,"grantthornton.ci.png, grantthornton.com.pa.png"
292,"nutricia.pt.png, nutricia.ie.png"
293,"bonprix-fl.be.png, bonprix.nl.png"
294,"carlsjr.com.mx.png, carlsjrmerida.com.png"
295,"kumon.com.pe.png, kumon.com.bo.png, kumon.cl.png, kumon.com.uy.png"
296,"toyota-evreux.fr.png, toyota-rambouillet.fr.png"
297,"veolia.be.png, veolia.pt.png"
298,"manpowergroup.cz.png, manpowergroup.se.png, manpowergroup.pt.png"
299,"spie.be.png, spie.lu.png"
300,"affidea.pt.png, affidea.ro.png"
301,"santillana.com.hn.png, santillana.com.sv.png"
302,"intersport.com.au.png, intersport-martinique-guadeloupe.fr.png, intersport.cz.png"
303,"esseskincare.sg.png, esseskincare.hk.png"
304,"pirtek.de.png, pirtek.at.png"
305,"job-impulse.pt.png, job-impulse.mx.png"
306,"brother-industrial.md.png, brother-slovakia.sk.png"
307,"spie-energotest.pl.png, spie-ics.com.png, spie-osmo.de.png"
308,"renault.jo.png, renault-tessenderlo.be.png"
309,"patheon.kr.png, patheon.com.png"
310,"nikon.com.hk.png, nikon.co.th.png"
311,"ford.lviv.ua.png, ford.vn.ua.png"
312,"mazda-warszawa-odyssey.pl.png, mazda-tarnowskiegory-mirai.pl.png, mazda-warszawa-bemomotors.pl.png"
313,"saint-gobain-glass.co.uk.png, saint-gobain.mk.png"
314,"pkf-l.com.png, pkf.sk.png"
315,"daikinczech.cz.png, daikin.com.mx.png"
316,"bioderma-sk.com.png, bioderma.it.png"
317,"grantthornton.tn.png, grantthornton.bg.png"
318,"lightspeedhq.fr.png, lightspeedhq.mx.png"
319,"intersport-arc1950.com.png, intersport-courchevel1550.com.png"
320,"bonprix.ch.png, bonprix.se.png"
321,"berlitzmanchester.com.png, berlitz-dublin.ie.png"
322,"bosch-wohnungsgesellschaft.de.png, boschautopartes.mx.png"
